{"cameraMode":{"drawMode":0,"name":"Shaded","section":"Shading Mode"},"sceneLighting":true,"audioPlay":false,"sceneViewState":{"showFog":false,"showMaterialUpdate":false,"showSkybox":false,"showFlares":false,"showImageEffects":false,"showParticleSystems":false},"in2DMode":false,"pivot":{"x":-0.37405723333358767,"y":0.1932079792022705,"z":-0.4434995651245117},"rotation":{"x":-0.010259227827191353,"y":0.9833506345748901,"z":-0.17164453864097596,"w":-0.05877498909831047},"size":7.276406288146973,"orthographic":false}